questions,Query1,Query2,Query3,Query4,Query5,Query6
relevant,0.9012875536480687,0.759493670886076,0.775330396475771,0.8944954128440367,0.7270029673590505,0.821917808219178
accurate,0.8927038626609443,0.8396624472573839,0.775330396475771,0.9128440366972477,0.798219584569733,0.7945205479452054
correct,0.8798283261802575,0.7257383966244726,0.7665198237885462,0.8899082568807339,0.7032640949554896,0.7876712328767124
numtillcor,0.15121951219512195,0.3488372093023256,0.3275862068965517,0.14948453608247422,0.2742616033755274,0.1391304347826087
complete,0.8669527896995708,0.7721518987341772,0.7665198237885462,0.8944954128440367,0.7270029673590505,0.8356164383561644
concise,0.9184549356223176,0.8016877637130801,0.8414096916299559,0.9311926605504587,0.8189910979228486,0.8904109589041096
